,Country,GDP_Growth_2018,GDP_Growth_2019,GDP_Growth_2020,GDP_Growth_2021,GDP_Growth_2022,GDP_Growth_2023,GDP_Per_Capi_2018,GDP_Per_Capi_2019,GDP_Per_Capi_2020,GDP_Per_Capi_2021,GDP_Per_Capi_2022,GDP_Per_Capi_2023,Unemployment_2018,Unemployment_2019,Unemployment_2020,Unemployment_2021,Unemployment_2022,Unemployment_2023,Inflation_Rate_2018,Inflation_Rate_2019,Inflation_Rate_2020,Inflation_Rate_2021,Inflation_Rate_2022,Inflation_Rate_2023,Population_2018,Population_2019,Population_2020,Population_2021,Population_2022,Population_2023,Current_Account_2018,Current_Account_2019,Current_Account_2020,Current_Account_2021,Current_Account_2022,Current_Account_2023,Government_Debt_2018,Government_Debt_2019,Government_Debt_2020,Government_Debt_2021,Government_Debt_2022,Government_Debt_2023,Status,Region
1,Afghanistan,1.2,3.9,-2.4,-14.5,-6.2,2.7,499.799,499.762,516.664,356.063,352.456,410.933,NA,NA,NA,NA,NA,NA,0.6,2.3,5.6,7.8,10.6,-7.7,36.687,37.769,38.972,40.099,41.142,42.171,2.227,2.209,2.814,NA,NA,NA,7.4,6.3,7.8,NA,NA,NA,Developing,Asia
2,Albania,4,2.1,-3.3,8.9,4.9,3.5,5287.721,5395.101,5353.303,6396.166,6870.21,8299.278,12.3,11.5,11.7,11.5,10.9,10.7,2,1.4,1.6,2,6.7,4.8,2.866,2.854,2.838,2.812,2.778,2.75,-1.024,-1.166,-1.315,-1.38,-1.121,-0.285,69.5,67.4,75.8,75.2,65.5,59.8,Developed,Europe
3,Algeria,1.4,0.9,-5,3.8,3.6,4.1,4568.244,4452.856,3757.585,4169.984,4981.822,5221.813,11.7,11.4,NA,NA,NA,NA,4.3,2,2.4,7.2,9.3,9.3,42.578,43.424,43.851,44.577,45.291,45.973,-16.884,-16.911,-18.681,-4.512,19.064,5.978,34.5,40.9,46,55.1,48.1,48.6,Developing,Africa
4,Andorra,1.6,2,-11.2,8.3,9.6,1.4,42229.903,40688.491,36973.845,41806.876,41378.881,43809.726,1.8,2.1,2.9,3.3,2.1,1.6,1,0.5,0.1,1.7,6.2,5.6,7.60E-02,7.80E-02,7.80E-02,0.08,8.20E-02,8.50E-02,NA,0.568,0.448,0.468,0.582,0.634,36.3,35.4,46.4,48.6,38.9,36.4,Developed,Europe
5,Angola,-0.6,-0.2,-4,2.1,4.2,1,3651.304,2926.143,1989.939,2445.388,3974.666,2967.384,NA,NA,NA,NA,NA,NA,19.6,17.1,22.3,25.8,21.4,13.6,31.274,32.354,33.428,34.504,35.711,36.961,7.403,5.137,0.872,8.399,11.763,4.185,82.5,101.4,119.1,74.3,56.1,73.7,Developing,Africa
6,Antigua and Barbuda,7,3.1,-18.9,8.2,9.5,4.2,17451.026,17851.361,14382.232,16088.64,18498.453,19985.469,NA,NA,NA,NA,NA,NA,1.2,1.4,1.1,1.6,7.5,5.1,9.50E-02,9.70E-02,9.80E-02,0.1,0.101,0.102,-0.233,-0.112,-0.224,-0.288,-0.296,-0.262,84.3,81.6,100.5,93,82,76.8,Developing,North America
7,Argentina,-2.6,-2,-9.9,10.4,5.3,-1.6,11786.433,9941.59,8489.332,10610.191,13676.216,13823.346,9.2,9.8,11.6,8.8,6.8,6.1,34.3,53.5,42,48.4,72.4,133.5,44.495,44.939,45.377,45.809,46.235,46.697,-27.084,-3.49,2.688,6.625,-4.056,-20.956,85.2,89.8,103.8,81,84.5,155.4,Developing,South America
8,Armenia,5.2,7.6,-7.1,5.8,12.6,8.3,4195.963,4596.861,4268.681,4685.183,6660.868,8125.625,19,18.3,18.2,15.5,13.5,12.6,2.5,1.5,1.2,7.2,8.7,2,2.969,2.963,2.962,2.962,2.93,2.964,-0.901,-0.961,-0.505,-0.483,6.50E-02,-0.556,55.7,53.7,67.4,63.4,49.2,50.7,Developing,Asia
9,Aruba,2.4,-2.3,-24,27.6,10.5,5.3,30082.212,31096.315,23565.55,28813.136,33032.454,36743.647,7.3,5.2,8.6,8.8,6.6,4,3.6,3.9,-1.3,0.7,5.5,3.4,0.109,0.109,0.109,0.108,0.107,0.107,-1.70E-02,6.00E-03,-0.425,-6.50E-02,0.213,0.191,73.3,71.1,112.3,101.8,90.1,78.7,Developing,Other
10,Australia,2.8,1.8,-2.1,5.5,3.9,2,56441.271,54391.307,53249.731,64352.012,65513.824,64546.866,5.3,5.2,6.5,5.1,3.7,3.7,1.9,1.6,0.9,2.8,6.6,5.6,25.146,25.52,25.631,25.771,26.316,26.967,-31.736,4.828,29.737,47.925,14.95,4.395,41.7,46.7,57,55.4,50.3,49,Developed,Oceania
11,Austria,2.4,1.5,-6.6,4.2,4.8,-0.8,51234.477,50192.49,48837.35,53696.146,52501.49,56856.125,5.2,4.8,5.5,6.2,4.7,5.1,2.1,1.5,1.4,2.8,8.6,7.7,8.885,8.859,8.901,8.932,8.978,9.105,4.117,10.603,14.962,7.893,-1.372,13.775,74.1,70.6,82.9,82.5,78.4,77.5,Developed,Europe
12,Azerbaijan,1.5,2.5,-4.2,5.6,4.7,1.1,4759.796,4841.145,4280.429,5468.269,7831.176,7144.807,4.9,5,7.2,6,5.6,5.5,2.3,2.6,2.8,6.7,13.9,8.8,9.898,9.951,9.974,10.026,10.063,10.127,6.051,4.365,-0.228,8.292,23.478,8.329,18.7,17.7,21.3,26.3,17.3,21.8,Developing,Asia
13,Bahamas,2.6,-1.4,-21.4,15.4,10.8,2.6,33084.566,33778.471,25572.518,28828.653,32897.378,35517.076,10.4,10.1,26.2,17.6,10.8,10.2,2.3,2.5,0,2.9,5.6,3.1,0.381,0.385,0.389,0.394,0.399,0.404,-1.199,-0.281,-2.285,-2.434,-1.189,-1.108,62.5,61.4,74.6,99.7,88.6,81.5,Developing,North America
14,Bahrain,2.1,2.1,-5.9,4.4,6,3,26324.407,27259.744,24342.844,27140.448,30533.09,29218.861,4.3,4.7,5.9,6.8,5.4,6.3,2.1,1,-2.3,-0.6,3.6,0.1,1.503,1.484,1.472,1.505,1.529,1.577,-2.435,-0.794,-3.245,2.602,6.839,2.699,90.4,97.1,125.7,122.3,111.1,123.3,Developing,Asia
15,Bangladesh,7.3,7.9,3.4,6.9,7.1,5.8,1991.739,2154.227,2270.348,2497.741,2730.846,2651.738,NA,NA,NA,NA,NA,NA,5.8,5.5,5.6,5.6,6.1,9,161.356,163.046,164.689,166.657,168.52,170.279,-9.567,-4.49,-5.435,-4.575,-18.196,-11.633,29.6,32,34.5,35.6,37.9,39.3,Developing,Asia
16,Barbados,-1.2,0.7,-15.1,-0.3,17.8,4.1,19654.52,20156.276,17951.935,18276.871,21624.512,23167.298,10.1,10.1,15.7,14.1,8.2,8.2,3,1.7,0.6,1.4,4.5,3.2,0.286,0.287,0.288,0.289,0.289,0.29,-0.201,-9.30E-02,-0.253,-0.541,-0.619,-0.578,114.2,107.6,138.2,121.6,113.2,110.8,Developing,North America
17,Belarus,3.1,1.4,-0.7,2.4,-4.7,3.9,6357.962,6838.218,6536.527,7332.084,7892.727,7821.879,4.8,4.2,4.1,3.9,3.6,3.5,4.9,5.6,5.5,9.5,15.2,5,9.439,9.42,9.38,9.303,9.228,9.178,2.30E-02,-1.246,-0.178,2.157,2.516,-1.297,47.5,41,47.5,41.2,41.3,40.7,Developed,Europe
18,Belgium,1.8,2.2,-5.3,6.9,3,1.4,47685.347,46783.103,45615.359,52039.551,50274.779,53854.213,6,5.4,5.6,6.3,5.6,5.5,2.3,1.2,0.4,3.2,10.3,2.3,11.399,11.456,11.522,11.555,11.618,11.743,-4.968,0.527,7.426,7.869,-5.908,-6.131,99.9,97.6,111.9,107.9,104.3,105.2,Developed,Europe
19,Belize,1.1,4.2,-13.7,17.9,9.8,1.1,6053.244,6181.462,5210.543,6070.954,7121.06,7592.071,9.4,9,13.7,10.2,6.1,3.4,0.3,0.2,0.1,3.2,6.3,4.4,0.379,0.386,0.393,0.399,0.397,0.404,-0.151,-0.185,-0.128,-0.158,-0.236,-0.02,78.8,78.5,103,82.3,67.1,66.8,Developing,North America
20,Benin,6.7,6.9,3.8,7.2,6.3,6.4,1194.023,1171.015,1239.74,1361.816,1306.021,1433.067,NA,NA,NA,NA,NA,NA,0.8,-0.9,3,1.7,1.4,2.8,11.941,12.29,12.643,12.997,13.353,13.732,-0.649,-0.576,-0.274,-0.735,-1.065,-1.161,41.1,41.2,46.1,50.3,54.2,54.5,Developing,Africa
21,Bhutan,3.5,4.6,-2.5,-3.3,4.8,5,3606.621,3547.477,3469.154,3486.101,3775.341,3790.136,3.4,2.7,5,4.8,5.9,3.5,3.7,2.8,3,8.2,5.9,4.6,0.735,0.738,0.745,0.753,0.76,0.767,-0.462,-0.502,-0.382,-0.293,-0.806,-1.001,107.3,99.7,114.9,123.3,117.3,116.1,Developing,Asia
22,Bolivia,4.2,2.2,-8.7,6.1,3.6,3.1,3588.089,3591.403,3172.556,3449.205,3706.442,3748.41,4.9,5,8.3,6.9,4.7,4.9,2.3,1.8,0.9,0.7,1.7,2.6,11.31,11.47,11.63,11.8,11.96,12.13,-1.725,-1.366,-1.60E-02,1.581,0.939,-1.177,53.1,58.6,78,81.4,80.1,88.4,Developing,South America
23,Bosnia and Herzegovina,3.8,2.9,-3,7.4,4.2,1.7,5859.283,5867.26,5800.39,6800.487,7064.286,7810.113,18.4,15.7,15.9,17.4,15.4,13.2,1.4,0.6,-1.1,2,14,6.1,3.496,3.491,3.487,3.481,3.473,3.464,-0.662,-0.532,-0.574,-0.419,-1.066,-0.761,34.9,33.2,37.1,35.6,31,32.2,Developed,Europe
24,Botswana,4.2,3,-8.7,11.9,5.5,2.7,6947.818,6679.188,5863.182,7244.158,7726.111,7249.918,NA,NA,NA,NA,NA,NA,3.2,2.7,1.9,6.7,12.2,5.1,2.451,2.5,2.546,2.588,2.63,2.675,6.70E-02,-1.155,-1.531,-0.25,-0.241,-0.123,14.9,16.5,18.7,18.7,18.1,20.1,Developing,Africa
25,Brazil,1.8,1.2,-3.3,4.8,3,2.9,9281.668,9010.512,7057.072,7951.553,9256.482,10267.932,12.4,12,13.8,13.2,9.3,8,3.7,3.7,3.2,8.3,9.3,4.6,206.529,207.9,209.165,210.104,210.863,211.695,-53.818,-65.001,-24.914,-40.409,-40.884,-21.745,84.8,87.1,96,88.9,83.9,84.7,Developing,South America
26,Brunei Darussalam,0.1,3.9,1.1,-1.6,-1.6,1.4,31074.01,29865.278,27174.73,31781.303,37452.922,33576.739,8.7,6.8,7.3,5,5.2,5.3,1,-0.4,1.9,1.7,3.7,0.4,0.437,0.451,0.442,0.441,0.445,0.451,0.94,0.894,0.514,1.57,3.264,1.949,2.6,2.6,2.9,2.5,2.1,2.3,Developing,Asia
27,Bulgaria,2.7,4,-4,7.7,3.9,1.8,9485.446,9909.937,10165.58,12297.273,14023.892,15764.648,5.3,4.3,5.2,5.2,4.2,4.4,2.6,2.5,1.2,2.8,13,8.6,7,6.951,6.917,6.839,6.448,6.445,0.628,1.285,2.80E-02,-1.45,-1.264,-0.271,20.1,18.3,22.8,22.5,21.5,22,Developed,Europe
28,Burkina Faso,6.6,5.5,1.9,6.9,1.8,3.1,780.482,765.132,824.248,887.527,830.449,866.587,NA,NA,NA,NA,NA,NA,2,-3.2,1.9,3.9,14.1,0.7,20.393,20.952,21.54,22.145,22.766,23.405,-0.665,-0.524,0.744,7.70E-02,-1.407,-1.63,38.1,41.9,43.8,55.6,58.4,55.9,Developing,Africa
29,Burundi,1.6,1.8,0.3,3.1,1.8,2.7,271.289,261.294,259.906,273.956,310.952,326.842,NA,NA,NA,NA,NA,NA,-2.8,-0.7,7.3,8.3,18.9,27,11.193,11.529,11.875,12.231,12.598,12.976,-0.389,-0.348,-0.347,-0.398,-0.622,-0.587,53,60,66,66.6,68.4,62.4,Developing,Africa
30,Cabo Verde,3.7,6.9,-20.8,7,17.4,5.1,4165.533,4465.52,3649.151,4072.362,4557.702,5083.19,12.2,8.5,8.5,8.5,8.5,8.5,1.3,1.1,0.6,1.9,7.9,3.7,0.498,0.5,0.502,0.504,0.507,0.509,-9.90E-02,4.00E-03,-0.281,-0.244,-8.30E-02,-0.08,112,109.4,143.8,149.1,124,114,Developing,Africa
31,Cambodia,8.8,7.9,-3.6,3.1,5.1,5,2097.235,2281.377,2136.009,2217.723,2365.226,2545.522,NA,NA,NA,NA,NA,NA,2.5,1.9,2.9,2.9,5.3,2.1,15.821,16.079,16.338,16.592,16.843,17.012,-2.895,-2.932,-0.87,-10.886,-7.488,0.555,21.1,20.8,25.2,25.9,25,25.7,Developing,Asia
32,Cameroon,4,3.4,0.5,3,3.7,3.2,1585.96,1533.161,1539.354,1654.245,1592.262,1722.821,NA,NA,NA,NA,NA,NA,1.1,2.5,2.5,2.3,6.3,7.4,25.216,25.876,26.546,27.224,27.912,28.608,-1.409,-1.695,-1.512,-1.794,-1.505,-1.909,38.3,41.6,44.9,47.2,45.6,43.2,Developing,Africa
33,Canada,2.7,1.9,-5,5.3,3.8,1.2,46617.97,46430.975,43573.195,52520.512,55612.897,53607.403,5.9,5.7,9.7,7.5,5.3,5.4,2.3,1.9,0.7,3.4,6.8,3.9,37.009,37.555,37.998,38.223,38.867,39.966,-41.01,-34.054,-33.396,0.297,-7.923,-15.542,90.8,90.2,118.2,113.5,107.4,107.5,Developed,North America
34,Central African Republic,3.8,3,1,1,0.5,0.7,467.282,460.794,475.188,505.678,482.523,510.568,NA,NA,NA,NA,NA,NA,1.6,2.8,0.9,4.3,5.6,3,4.879,4.945,5.027,5.112,5.098,5.152,-0.182,-0.112,-0.195,-0.289,-0.318,-0.231,50,48.2,44.4,48.5,51,57.6,Developing,Africa
35,Chad,5.9,6.6,-2.1,-0.9,3.6,4.9,990.693,935.428,889.735,941.934,933.778,982.381,NA,NA,NA,NA,NA,NA,4,-1,4.5,-0.8,5.8,4.1,15.478,15.947,16.426,16.915,17.414,17.921,-0.646,-0.494,-0.407,-0.283,0.89,-0.164,33.3,38,41.2,42.4,34.5,32.7,Developing,Africa
36,Chile,4,0.6,-6.1,11.3,2.1,0.2,15755.003,14551.577,13056.638,16037.956,15238.627,16814.973,7.4,7.2,10.8,8.9,7.9,8.7,2.3,2.2,3,4.5,11.6,7.6,18.751,19.107,19.458,19.678,19.829,19.961,-13.264,-14.506,-4.952,-22.96,-26.163,-11.901,25.8,28.3,32.4,36.4,37.8,39.4,Developing,South America
37,China,6.7,6,2.2,8.4,3,5.2,9848.949,10170.061,10525.001,12572.071,12642.847,12597.307,4.9,5.2,5.6,5.1,5.6,5.2,2.1,2.9,2.5,0.9,2,0.2,1405.41,1410.08,1412.12,1412.6,1411.75,1409.67,24.131,102.91,248.836,352.886,443.374,252.987,56.7,60.4,70.2,71.9,77.4,84.4,Developing,Asia
38,Colombia,2.6,3.2,-7.2,10.8,7.3,0.6,6923.64,6540.141,5363.235,6231.24,6681.732,6962.873,9.9,10.9,16.7,13.8,11.2,10.2,3.2,3.5,2.5,3.5,10.2,11.7,48.258,49.396,50.408,51.117,51.683,52.216,-14.041,-14.809,-9.267,-17.949,-21.205,-9.154,53.6,52.4,65.7,64,60.1,54.3,Developing,South America
39,Comoros,3.6,1.8,-0.2,2,2.6,3,1518.8,1501.981,1510.592,1549.471,1439.616,1540.685,NA,NA,NA,NA,NA,NA,1.7,3.7,0.8,0,12.4,8.5,0.776,0.791,0.806,0.822,0.851,0.87,-3.50E-02,-4.10E-02,-2.20E-02,-4.00E-03,-7.00E-03,-3.30E-02,17,21.2,24.3,26.3,28.1,33.2,Developing,Africa
40,Congo Dem,4.8,4.5,1.7,5.9,8.8,8.4,564.342,578.891,546.43,614.306,679.412,669.581,NA,NA,NA,NA,NA,NA,29.3,4.7,11.4,9,9.3,19.9,85.12,87.911,90.794,93.751,96.801,99.948,-1.672,-1.62,-1.052,-0.587,-3.238,-4.183,14.8,14.8,16.2,15.9,14.3,14.4,Developing,Africa
41,Congo Rep,-2.3,1.1,-6.3,1.1,1.8,2,2716.492,2509.047,2014.193,2293.987,2339.437,2308.52,NA,NA,NA,NA,NA,NA,1.2,0.4,1.4,2,3,4.3,5.441,5.571,5.702,5.836,5.97,6.138,2.733,1.632,1.443,1.717,2.47,0.91,71.2,77.6,102.5,97.8,92.5,99,Developing,Africa
42,Costa Rica,2.6,2.4,-4.3,7.9,4.6,5.1,12428.924,12691.127,12163.927,12539.282,13239.876,16390.222,12,12.4,20,13.7,11.7,7.3,2.2,2.1,0.7,1.7,8.3,0.5,5.022,5.075,5.128,5.18,5.229,5.278,-1.867,-0.826,-0.632,-2.061,-2.235,-1.253,51.8,56.4,66.9,67.6,63,61.1,Developing,North America
43,Croatia,3,3.4,-8.5,13,7,3.1,15138.564,15220.474,14372.314,17955.798,18687.46,21520.681,9.9,7.8,9,8.1,6.8,6.2,1.6,0.8,0,2.7,10.7,8.4,4.088,4.065,4.048,3.879,3.856,3.843,1.002,1.541,-0.556,0.677,-1.997,0.892,72.6,70.4,86.1,77.5,67.8,63,Developed,Europe
44,Cyprus,5.6,5.5,-3.4,9.9,5.1,2.5,29631.99,29626.37,28386.27,32926.483,32357.354,35015.587,8.4,7.1,7.6,7.5,6.8,6.1,0.8,0.5,-1.1,2.2,8.1,3.9,0.864,0.876,0.888,0.896,0.905,0.921,-1.013,-1.442,-2.513,-1.791,-2.321,-3.901,101.1,93,114.9,99.3,85.6,77.3,Developed,Europe
45,Czech Republic,2.8,3.6,-5.3,4,2.8,-0.1,23661.699,24013.061,23464.296,27667.664,27876.28,31630.255,2.2,2,2.5,2.7,2.2,2.6,2.1,2.8,3.2,3.8,15.1,10.7,10.65,10.694,10.702,10.517,10.828,10.851,1.109,0.835,4.898,-7.751,-14.247,1.315,31.7,29.6,36.9,40.7,42.5,42.4,Developed,Europe
47,Denmark,1.9,1.7,-1.8,7.4,1.5,2.5,61456.783,59489.614,61075.932,69927.264,68434.674,68618.872,3.9,3.7,4.7,3.6,2.5,2.8,0.7,0.7,0.3,1.9,8.5,3.4,5.781,5.806,5.823,5.84,5.873,5.933,22.409,25.719,25.699,35.44,46.86,40.04,34.1,33.8,42.2,35.8,29.7,29.7,Developed,Europe
48,Djibouti,4.8,5.5,1.3,4.5,3.9,7,3038.268,3172.748,3223.83,3378.403,3666.833,3895.094,NA,NA,NA,NA,NA,NA,0.1,3.3,1.8,1.2,5.2,1.4,0.959,0.974,0.988,1.002,1.016,1.03,0.429,0.564,0.366,-0.224,0.656,0.899,47.5,41.1,41.5,40.4,36.6,34.6,Developing,Africa
49,Dominica,3.5,5.5,-16.6,6.9,5.6,4.7,7981.044,8466.407,6872.22,7530.367,8193.119,8781.135,NA,NA,NA,NA,NA,NA,1,1.5,-0.7,1.6,7.7,3.5,7.00E-02,7.20E-02,7.30E-02,7.40E-02,7.40E-02,7.40E-02,-0.259,-0.233,-0.189,-0.183,-0.162,-0.222,85.6,97.7,112.5,108.5,103.6,96.5,Developing,North America
50,Dominican Republic,7,5.1,-6.7,12.3,4.9,2.4,8340.961,8595.18,7553.509,8965.655,10720.515,11372.125,5.7,6.2,5.8,7.4,5.3,5.3,3.6,1.8,3.8,8.2,8.8,4.8,10.266,10.358,10.448,10.536,10.622,10.709,-1.322,-1.188,-1.337,-2.685,-6.549,-4.376,50.5,53.6,71.5,63.2,59.5,60,Developing,North America
51,Ecuador,1,0.2,-9.2,9.8,6.2,2.4,6293.459,6199.031,5469.758,6099.278,6581.095,6663.636,3.7,3.8,5.3,4.2,3.2,3.4,-0.2,0.3,-0.3,0.1,3.5,2.2,17.078,17.357,17.526,17.614,17.715,17.835,-1.312,-0.156,2.208,3.098,2.133,2.291,49.5,52.1,63.6,61.6,57,55.3,Developing,South America
52,Egypt,5.3,5.5,3.6,3.3,6.7,3.8,2710.158,3214.301,3802.438,4145.939,4587.172,3743.608,10.9,8.6,8.3,7.3,7.3,7.2,20.9,13.9,5.7,4.5,8.5,24.4,97.1,98.9,100.6,102.1,103.6,105.2,-5.962,-10.894,-11.167,-18.436,-16.551,-4.711,87.9,80.1,86.2,89.9,88.5,95.9,Developing,Africa
53,El Salvador,2.4,2.4,-7.9,11.9,2.8,3.5,4145.89,4280.298,3960.335,4599.656,5048.438,5344.249,6.5,6.5,7,6.3,5,5.2,1.1,0.1,-0.4,3.5,7.2,4,6.276,6.28,6.293,6.314,6.336,6.365,-0.859,-0.113,0.277,-1.25,-2.182,-0.466,77,77.9,95.4,88,83.3,84.7,Developing,North America
54,Equatorial Guinea,-6.2,-5.5,-4.8,0.9,3.7,-6.2,10129.619,8355.696,7045.629,8415.533,9020.808,7755.011,NA,NA,NA,NA,NA,NA,1.3,1.2,4.8,-0.1,4.9,2.5,1.314,1.36,1.406,1.452,1.498,1.544,-0.357,-0.857,-7.80E-02,0.515,0.287,-9.30E-02,40.6,43.2,49.4,42.3,30.2,37.4,Developing,Africa
55,Eritrea,13,3.8,NA,NA,NA,NA,580.845,566.731,NA,NA,NA,NA,NA,NA,NA,NA,NA,NA,-14.4,1.3,NA,NA,NA,NA,3.453,3.497,NA,NA,NA,NA,0.311,0.257,NA,NA,NA,NA,267.1,260.4,NA,NA,NA,NA,Developing,Africa
56,Estonia,3.7,3.7,-2.9,7.1,0.1,-3,23628.862,24023.899,23911.344,27966.793,28469.346,30137.644,5.4,4.4,6.8,6.2,5.6,6.4,3.4,2.3,-0.6,4.5,19.4,9.1,1.322,1.327,1.33,1.331,1.349,1.37,0.173,0.641,-0.803,-1.343,-1.496,-0.718,8,8.3,18.3,17.6,18.3,19.3,Developed,Europe
57,Eswatini,2.4,2.7,-1.6,10.7,0.5,4.9,4226.975,4031.719,3535.09,4259.206,4161.741,4173.577,NA,NA,NA,NA,NA,NA,4.8,2.6,3.9,3.7,4.8,4.9,1.104,1.115,1.127,1.139,1.151,1.163,6.30E-02,0.175,0.281,0.127,-0.129,0.109,26.5,31.4,38.7,37,40.7,38.5,Developing,Africa
58,Ethiopia,7.7,9,6.1,6.3,6.4,7.2,839.861,948.851,969.014,974.185,1143.024,1511.217,NA,NA,NA,NA,NA,NA,13.8,15.8,20.4,26.8,33.9,30.2,95.5,97.6,99.7,101.9,104.082,105.707,-5.233,-4.934,-4.444,-3.169,-5.134,-4.635,58.4,54.7,53.7,53.8,46.9,38.7,Developing,Africa
59,Fiji,3.8,-0.6,-17,-4.9,19.8,7.5,6269.882,6079.485,4920.014,4750.073,5450.487,5933.167,4.5,4.5,13.4,9,6.5,5.5,4.1,1.8,-2.6,0.2,4.3,2.3,0.89,0.896,0.901,0.906,0.912,0.917,-0.47,-0.698,-0.607,-0.68,-0.856,-0.417,45.8,49,63.6,83.3,91.2,83.3,Developing,Oceania
60,Finland,1.2,1.3,-2.5,2.7,1.5,-1.2,49698.347,48395.834,48827.138,53203.799,50549.712,53130.693,7.4,6.7,7.8,7.6,6.8,7.2,1.2,1.1,0.4,2.1,7.2,4.3,5.513,5.518,5.525,5.534,5.548,5.564,-5.089,-0.805,1.44,1.23,-6.883,-3.244,65.3,65.2,75.3,73.1,73.9,77,Developed,Europe
61,France,1.6,2.1,-7.6,6.8,2.6,1.1,42915.865,41831.481,40536.857,45315.56,42581.012,46305.162,9,8.4,8,7.9,7.3,7.4,2.1,1.3,0.5,2.1,5.9,5.7,64.844,65.097,65.269,65.505,65.722,65.926,-19.423,16.27,-54.317,8.216,-32.78,-30.404,98.1,97.6,114.6,112.6,111.1,109.9,Developed,Europe
62,Gabon,0.9,3.8,-1.8,1.5,3,2.4,8198.56,8111.318,7289.442,9113.798,9478.236,9079.278,NA,NA,NA,NA,NA,NA,4.8,2,1.7,1.1,4.3,3.6,2.053,2.08,2.108,2.135,2.161,2.209,1.202,0.776,-7.60E-02,0.674,2.238,1.08,61.1,59.8,78.2,68.4,65.6,72.1,Developing,Africa
63,Gambia,7.2,6.2,0.6,5.3,4.9,5.3,729.035,768.921,747.886,820.584,841.947,892.989,NA,NA,NA,NA,NA,NA,6.5,7.1,5.9,7.4,11.5,17,2.28,2.349,2.419,2.492,2.567,2.644,-0.158,-0.111,-5.40E-02,-8.70E-02,-0.09,-0.204,83.6,83,85.9,83.1,82.9,75.2,Developing,Africa
64,Georgia,6.1,5.4,-6.3,10.6,11,7.5,4800.794,4738.796,4308.286,5055.161,6773.539,8172.574,19.2,17.6,18.5,20.6,17.3,16.4,2.6,4.9,5.2,9.6,11.9,2.5,3.73,3.724,3.717,3.729,3.689,3.736,-1.192,-1.025,-1.981,-1.937,-1.12,-1.326,38.2,40,59.6,49.1,39.2,39.2,Developing,Asia
65,Germany,1.1,1,-4.1,3.7,1.4,-0.3,48897.189,47629.1,47341.768,52300.607,49725.343,53565.041,3.2,3,3.6,3.6,3.1,3,1.9,1.4,0.4,3.2,8.7,6,82.906,83.093,83.161,83.196,83.798,84.514,316.177,317.797,253.943,311.805,173.5,278.729,60.7,58.6,67.9,67.9,64.8,62.7,Developed,Europe
66,Ghana,6.2,6.5,0.5,5.1,3.8,2.9,2276.264,2265.705,2274.469,2535.468,2305.225,2322.121,NA,NA,NA,NA,NA,NA,9.8,7.2,9.9,10,31.9,39.2,29.555,30.168,30.779,31.394,32.082,32.902,-2.043,-1.526,-1.774,-2.157,-1.695,-1.097,62,58.3,72.3,79.2,92.7,82.9,Developing,Africa
67,Greece,1.7,1.9,-9.3,8.4,5.6,2,19750.71,19140.612,17570.395,20115.924,20818.073,22880.296,19.3,17.3,16.3,14.8,12.4,11.1,0.8,0.5,-1.3,0.6,9.3,4.2,10.741,10.725,10.719,10.679,10.46,10.414,-7.589,-4.584,-13.84,-15.258,-23.39,-16.365,190.7,185.5,213.2,201.2,179.6,168.9,Developed,Europe
68,Grenada,4.4,0.7,-13.8,4.7,7.3,4.7,10419.126,10779.062,9222.709,9868.861,10762.835,11515.617,NA,NA,NA,NA,NA,NA,0.8,0.6,-0.7,1.2,2.6,2.7,0.112,0.113,0.113,0.114,0.114,0.115,-0.149,-0.126,-0.168,-0.162,-0.136,-0.12,68.5,62.7,89.5,86.6,78.8,75.2,Developing,North America
69,Guatemala,3.4,4,-1.8,8,4.2,3.5,4485.926,4646.84,4610.073,5053.653,5509.385,5933.036,NA,NA,NA,NA,NA,NA,3.7,3.7,3.2,4.3,6.9,6.2,16.347,16.604,16.858,17.11,17.358,17.602,0.65,1.822,3.924,1.873,1.197,3.281,26.4,26.4,31.5,30.6,29,27.2,Developing,North America
70,Guinea,6.4,5.6,4.7,5.6,4,5.7,891.887,986.528,1008.687,1139.967,1334.939,1529.46,NA,NA,NA,NA,NA,NA,9.8,9.5,10.6,12.6,10.5,7.8,13.294,13.627,13.967,14.317,14.674,15.041,-2.193,-2.085,-2.276,-0.403,-1.689,-2.02,39.3,38.6,47.8,42.7,40.2,40.8,Developing,Africa
71,Guinea-Bissau,3.8,4.5,1.5,6.2,4.6,5.2,894.667,836.954,838.847,928.35,907.623,1035.294,NA,NA,NA,NA,NA,NA,0.4,0.3,1.5,3.3,7.9,7.2,1.738,1.776,1.815,1.855,1.896,1.937,-5.40E-02,-0.127,-3.90E-02,-1.40E-02,-0.149,-0.174,59.2,65.3,77.7,79,80.8,79.4,Developing,Africa
72,Guyana,4.4,5.4,43.5,20.1,62.3,33,6120.536,6594.375,6952.702,9707,18353.123,21472.309,NA,NA,NA,NA,NA,NA,1.3,2.1,1.2,3.3,6.5,4.5,0.782,0.785,0.787,0.789,0.792,0.794,-1.387,-3.558,-0.948,-1.994,3.805,1.757,47,43.6,51.1,43.2,26.5,26.4,Developing,South America
73,Haiti,1.7,-1.7,-3.3,-1.8,-1.7,-1.9,1441.864,1277.213,1235.476,1765.242,1643.221,1603.278,NA,NA,NA,NA,NA,NA,11.4,17.3,22.9,15.9,27.6,44.1,11.412,11.578,11.743,11.906,12.065,12.227,-0.474,-0.169,5.20E-02,8.80E-02,-0.464,-0.683,24.1,26.5,22.3,28.9,29.5,28.5,Developing,North America
74,Honduras,3.8,2.6,-9,12.6,4.1,3.6,2489.849,2529.203,2332.526,2762.804,3033.97,3267.648,5.6,5.4,10.9,8.6,8.9,8.1,4.3,4.4,3.5,4.5,9.1,6.7,9.602,9.77,9.942,10.117,10.294,10.475,-1.582,-0.653,0.666,-1.538,-2.063,-1.335,42.6,43.5,53.7,51,49.8,45,Developing,North America
75,Hong Kong SAR,2.8,-1.7,-6.5,6.5,-3.7,3.3,48310.038,48277.982,46446.056,49848.567,47999.502,50586.78,2.8,2.9,5.8,5.2,4.3,2.9,2.4,2.9,0.3,1.6,1.9,2.1,7.488,7.521,7.427,7.402,7.473,7.528,13.523,21.379,24.121,43.528,36.64,34.973,0.1,0.3,1,1.9,4.3,6.3,Developed,Asia
76,Hungary,5.4,4.9,-4.5,7.1,4.6,-0.9,16421.113,16782.01,16099.958,18714.856,18349.443,22131.628,3.6,3.3,4.1,4.1,3.6,4.1,2.8,3.4,3.3,5.1,14.6,17.1,9.778,9.773,9.77,9.731,9.689,9.6,0.255,-1.337,-1.793,-7.756,-14.855,0.409,69.1,65.3,79.3,76.7,74.1,73.5,Developed,Europe
77,Iceland,4.9,1.9,-6.9,5.3,9,5,76745.081,70625.477,61094.329,72077.681,78840.397,83485.11,3.1,3.9,6.4,6,3.8,3.4,2.7,3,2.8,4.5,8.3,8.7,0.342,0.349,0.354,0.358,0.365,0.375,1.118,1.616,0.237,-0.675,-0.599,0.36,63.2,66.5,77.5,74.8,67.4,62.2,Developed,Europe
78,India,6.5,3.9,-5.8,9.7,7,8.2,1974.378,2050.163,1915.552,2250.179,2366.31,2497.188,NA,NA,NA,NA,NA,NA,3.4,4.8,6.2,5.5,6.7,5.4,1369.003,1383.112,1396.387,1407.564,1417.173,1428.628,-57.183,-24.551,24.011,-38.693,-66.982,-23.211,70.4,75,88.4,83.5,81.7,83,Developing,Asia
79,Indonesia,5.2,5,-2.1,3.7,5.3,5,3945.583,4192.768,3919.465,4351.304,4784.117,4919.949,5.2,5.2,7.1,6.5,5.9,5.3,3.3,2.8,2,1.6,4.1,3.7,264.162,266.912,270.204,272.679,275.72,278.696,-30.633,-30.279,-4.433,3.511,13.215,-2.138,30.4,30.6,39.7,41.1,40.1,39.6,Developing,Asia
80,Iran,-1.8,-3.1,3.3,4.7,3.8,5,4054.938,2908.918,2326.664,3441.728,4431.515,4347.193,12.1,10.7,9.6,9.2,9,8.1,26.9,34.8,36.5,40.2,45.8,40.7,82.084,83.075,84.038,84.055,84.904,85.761,26.241,-1.652,-3.651,11.144,14.205,10.303,42.9,46.6,48.3,42.4,36.9,34,Developing,Asia
81,Iraq,2.6,5.6,-12.4,1.4,7.7,-2.9,6037.885,6048.921,4547.33,5116.534,6818.152,5826.035,NA,NA,NA,NA,NA,NA,0.4,-0.2,0.6,6,5,4.4,38.124,39.128,40.15,41.191,42.249,43.324,8.549,-2.002,-28.156,13.761,44.309,11.459,47.1,43.4,76.5,57.6,40,44.5,Developing,Asia
82,Ireland,7.5,5,7.2,16.3,8.6,-5.5,80411.864,81506.342,86313.772,103775.442,104728.5,103465.935,5.8,5,5.8,6.3,4.5,4.3,0.7,0.9,-0.4,2.4,8,5.2,4.92,4.996,5.054,5.123,5.242,5.331,16.977,-84.382,-30.841,64.676,48.103,44.631,61.5,55.9,57,52.6,43.1,43.3,Developed,Europe
83,Israel,4.1,3.8,-1.5,9.5,6.4,2,42379.785,44297.779,44842.685,52586.351,55249.283,52643.451,4,3.8,4.3,5,3.8,3.5,0.8,0.8,-0.6,1.5,4.4,4.2,8.879,9.051,9.214,9.367,9.551,9.756,11.287,12.761,19.662,18.969,20.765,24.903,59.9,59,70.7,67.4,60.2,61.4,Developed,Asia
84,Italy,0.8,0.4,-8.9,8.9,4.7,0.7,35042.793,33767.005,31956.855,36812.907,35653.833,39012.076,10.6,9.9,9.4,9.5,8.1,7.7,1.2,0.6,-0.1,1.9,8.7,5.9,59.938,59.817,59.641,59.236,59.03,58.997,52.535,63.767,71.68,45.77,-36.807,-0.327,134,133.6,154.1,145.5,138.1,134.6,Developed,Europe
85,Jamaica,1.8,1,-9.9,4.6,5.2,2.6,5729.757,5781.785,5072.599,5354.83,6197.798,7032.24,9.1,7.7,10.2,8.4,6.3,4.4,3.7,3.9,5.2,5.9,10.3,6.5,2.731,2.734,2.737,2.74,2.743,2.747,-0.235,-0.303,-0.157,0.149,-0.136,0.569,94.4,94.3,109.7,94.2,77,73.3,Developing,North America
86,Japan,0.6,-0.4,-4.2,2.7,1.2,1.7,39850.331,40547.967,40160.067,40161.178,34158.343,33898.99,2.4,2.4,2.8,2.8,2.6,2.6,1,0.5,0,-0.2,2.5,3.3,126.495,126.221,125.849,125.492,125.063,124.482,177.821,176.341,149.936,196.206,89.977,150.007,232.4,236.4,258.4,253.7,256.3,249.7,Developed,Asia
87,Jordan,1.9,1.8,-1.1,3.7,2.4,2.6,4152.265,4165.547,4004.321,4158.625,4317.09,4488.417,18.6,19.1,22.7,24.1,22.9,22,4.5,0.8,0.3,1.3,4.2,2.1,10.46,10.699,10.929,11.148,11.286,11.337,-2.967,-0.774,-2.508,-3.723,-3.82,-1.761,74.3,78,87.9,93.3,93,92.8,Developing,Asia
88,Kazakhstan,4.1,4.5,-2.6,4.1,3.3,5.1,9812.626,9812.591,9121.636,10373.791,11486.06,13260.898,4.8,4.8,4.9,4.9,4.9,4.8,6,5.2,6.8,8,15,14.6,18.276,18.514,18.756,19.001,19.635,19.861,-1.766,-7.028,-10.96,-2.673,7.054,-8.726,20.3,19.9,26.4,25.1,23.5,22.8,Developing,Asia
89,Kenya,5.7,5.1,-0.3,7.6,4.9,5.6,1987.302,2107.735,2067.987,2208.691,2265.658,2110,NA,NA,NA,NA,NA,NA,4.7,5.2,5.3,6.1,7.6,7.7,46.4,47.6,48.797,49.747,50.64,51.539,-4.989,-5.258,-4.792,-5.744,-5.766,-4.317,56.4,59.1,68,68.2,67.8,73.1,Developing,Africa
90,Kiribati,3.5,3.3,-0.6,8.5,3.9,4.1,2022.227,1847.108,1874.17,2385.414,2199.422,2230.805,NA,NA,NA,NA,NA,NA,0.6,-1.8,2.6,2.1,5.3,9.3,0.116,0.118,0.119,0.121,0.123,0.125,7.60E-02,8.70E-02,7.10E-02,0.02,-6.00E-03,2.90E-02,19,19,17.2,14.1,13.3,11.7,Developing,Oceania
91,South Korea,3.2,2.3,-0.7,4.6,2.7,1.4,35363.952,33826.944,33653.204,37518.466,34822.405,35563.079,3.8,3.8,3.9,3.7,2.9,2.7,1.5,0.4,0.5,2.5,5.1,3.6,51.585,51.765,51.836,51.77,51.673,51.713,77.467,59.676,75.902,85.228,25.829,35.488,37.9,39.7,45.9,48,49.8,51.5,Developed,Asia
92,Kosovo,3.4,4.8,-5.3,10.7,4.3,3.3,4389.631,4432.996,4297.829,5309.124,5320.704,5922.406,29.5,25.7,26,20.8,12.6,10.9,1.1,2.7,0.2,3.3,11.6,4.9,1.796,1.782,1.798,1.774,1.762,1.763,-0.601,-0.448,-0.539,-0.822,-0.967,-0.802,17.1,17.7,22.5,21.6,20.1,17.5,Developing,Europe
93,Kuwait,2.7,2.3,-4.8,2.3,5.9,-3.6,31369.182,31549.877,25610.725,35204.773,38380.031,33321.28,NA,NA,NA,NA,NA,NA,0.6,1.1,2.1,3.4,4,3.6,4.42,4.465,4.336,4.217,4.794,4.913,19.888,17.858,4.846,37.381,63.128,51.412,14.3,10.5,10.2,7.2,2.9,3.2,Developing,Asia
94,Kyrgyz Republic,3.5,4.6,-7.1,5.5,9,6.2,1321.954,1466.956,1270.961,1390.9,1805.648,2018.911,6.9,6.9,8.7,9,9,9,1.5,1.1,6.3,11.9,13.9,10.8,6.257,6.389,6.517,6.654,6.795,6.931,-0.997,-1.073,0.374,-0.739,-5.144,-6.738,54.8,48.8,63.6,56.2,46.8,44.7,Developing,Asia
95,Lao P.D.R.,6.2,4.7,-0.4,2.1,2.3,3.7,2551.83,2602.623,2528.997,2495.962,2022.383,1970.845,NA,NA,NA,NA,NA,NA,2,3.3,5.1,3.8,23,31.2,7.105,7.212,7.319,7.425,7.477,7.582,-1.649,-1.32,-0.304,0.432,-0.459,0.405,60.6,69.1,76,92.9,130.7,115.9,Developing,Asia
96,Latvia,4,0.6,-3.5,6.7,3,-0.3,17806.56,17828.071,18013.227,20847.701,21566.931,23175.505,7.4,6.3,8.1,7.6,6.9,6.5,2.6,2.7,0.1,3.2,17.2,9.1,1.934,1.92,1.908,1.893,1.876,1.883,-0.06,-0.213,1.001,-1.553,-1.932,-1.749,37,36.7,42.7,44.4,41.8,43.6,Developed,Europe
97,Lebanon,-1.9,-6.8,-24.6,2,1,-0.7,9225.506,8808.242,4410.402,3537.129,4467.189,4486.987,NA,NA,NA,NA,NA,NA,6.1,2.9,84.9,154.8,171.2,221.3,5.951,5.782,5.663,5.593,5.49,5.354,-15.85,-14.375,-3.944,-3.576,-6.793,-5.647,155.1,172.1,148.7,357.7,255.2,195.2,Developing,Asia
98,Lesotho,-1.5,-2.9,-5.3,1.7,1.6,2.2,1215.317,1134.4,1014.795,1162.787,1073.483,1034.246,NA,NA,NA,NA,NA,NA,4.8,5.2,5,6,8.3,6.3,2.034,2.048,2.062,2.087,2.112,2.138,-0.172,-0.143,-0.118,-0.219,-0.313,-4.00E-03,48.2,58.2,54.7,58.4,64.5,61.5,Developing,Africa
99,Liberia,1.2,-2.5,-3,5,4.8,4.6,677.356,623.887,600.475,677.387,749.187,808.259,NA,NA,NA,NA,NA,NA,23.5,27,17,7.8,7.6,10.1,4.819,4.937,5.058,5.18,5.305,5.432,-0.696,-0.605,-0.498,-0.623,-0.756,-1.16,37.1,48.6,58.7,53.3,54,58.8,Developing,Africa
100,Libya,7.9,-11.2,-29.5,28.3,-8.3,10.2,11773.86,10525.706,7058.334,5248.302,6386.468,6422.118,NA,NA,NA,NA,NA,NA,14,-2.9,1.5,2.9,4.5,2.4,6.513,6.578,6.644,6.71,6.777,6.845,11.274,4.639,-4.789,5.682,12.399,6.4,NA,NA,NA,NA,NA,NA,Developing,Africa
101,Lithuania,4,4.6,0.1,6.2,2.4,-0.3,19195.354,19623.637,20348.942,23873.118,25188.866,26997.801,6.1,6.3,8.5,7.1,6,6.9,2.5,2.2,1.1,4.6,18.9,8.7,2.802,2.794,2.795,2.801,2.824,2.883,0.154,1.94,4.146,0.759,-3.885,1.51,33.7,35.8,46.3,43.4,38,38.3,Developed,Europe
102,Luxembourg,1.2,2.9,-0.9,7.2,1.4,-1.1,117993.371,113860.351,117616.151,134924.978,126597.939,129810.315,5.1,5.4,6.4,5.7,4.8,5.2,2,1.7,0,3.5,8.2,2.9,0.602,0.614,0.626,0.635,0.645,0.661,4.61,6.202,6.329,6.765,6.25,5.818,20.9,22.4,24.6,24.5,24.7,25.7,Developed,Europe
103,Macao SAR,6.4,-2.6,-54.3,23.5,-21.4,80.5,82695.455,81051.045,37100.934,45329.599,36361.139,69079.723,1.8,1.7,2.6,3,3.7,2.7,3,2.8,0.8,0,1,0.9,0.667,0.68,0.683,0.683,0.673,0.681,18.146,18.476,3.559,2.683,2.845,16.955,0,0,0,0,0,0,Developed,Asia
104,Madagascar,3.2,4.4,-7.1,5.7,4,3.8,535.948,531.75,477.375,516.529,522.583,530.466,NA,NA,NA,NA,NA,NA,8.6,5.6,4.2,5.8,8.2,9.9,25.674,26.525,27.34,28.178,28.961,29.766,9.90E-02,-0.323,-0.701,-0.707,-0.822,-0.714,42.9,41.3,51.9,51.9,53.9,55.6,Developing,Africa
105,Malawi,4.4,5.4,1,4.6,0.9,1.5,501.113,543.685,567.59,580.923,567.203,557.633,NA,NA,NA,NA,NA,NA,9.2,9.4,8.6,9.3,20.8,28.8,19.721,20.289,20.873,21.474,22.093,22.729,-1.19,-1.391,-1.638,-1.919,-2.09,-2.071,40.8,41.2,53.9,66.5,76.7,91.3,Developing,Africa
106,Malaysia,4.8,4.4,-5.5,3.3,8.9,3.6,11079.617,11228.293,10400.219,11474.241,12483.329,12090.597,3.3,3.3,4.5,4.7,3.8,3.6,1,0.7,-1.1,2.5,3.4,2.5,32.382,32.523,32.447,32.576,32.652,33.059,8.003,12.774,14.058,14.524,13.002,6.184,55.6,57.1,67.7,69.2,65.5,69.8,Developing,Asia
107,Maldives,8.7,7.3,-32.9,37.7,13.9,4,14762.266,15374.179,9803.066,13637.448,15765.502,16541.03,NA,NA,NA,NA,NA,NA,1.4,1.3,-1.6,0.2,2.6,2.6,0.366,0.372,0.378,0.384,0.391,0.397,-1.503,-1.49,-1.3,-0.453,-1.004,-1.401,70.6,77.2,155.6,123.4,120,123.1,Developing,Asia
108,Mali,4.7,4.8,-1.2,3.1,3.5,4.4,856.743,840.211,831.034,902.852,809.941,865.599,NA,NA,NA,NA,NA,NA,1.9,-3,0.5,3.8,9.7,2.1,19.934,20.567,21.23,21.915,22.621,23.348,-0.837,-1.289,-0.388,-1.469,-1.977,-1.428,37.5,40.7,46.9,50.3,53.1,55.9,Developing,Africa
109,Malta,7.2,4.1,-3.5,13.5,4.1,7.5,33973.293,33105.744,31818.84,38232.197,36902.114,41204.739,4,4.1,4.9,3.8,3.5,3.1,1.7,1.5,0.8,0.7,6.1,5.6,0.476,0.494,0.515,0.516,0.521,0.542,0.865,1.445,-0.108,1.079,-0.722,0.197,41.4,39.2,48.6,49.6,49.3,47.3,Developed,Europe
110,Marshall Islands,5.5,10.5,-2.8,1.2,-1.1,-3.9,4850.533,5274.862,5502.426,6103.305,6118.995,6417.177,NA,NA,NA,NA,NA,NA,0.8,-0.1,-0.7,2.2,2.8,7.4,4.50E-02,4.40E-02,4.40E-02,4.20E-02,4.10E-02,0.04,-4.00E-03,-7.30E-02,3.60E-02,5.90E-02,2.50E-02,4.40E-02,24.7,25.1,21.7,20.1,19.8,18.7,Developing,Oceania
111,Mauritania,4.8,3.1,-0.4,0.7,6.8,6.5,1882.203,1945.05,2040.677,2152.336,2206.776,2403.679,NA,NA,NA,NA,NA,NA,3.1,2.3,2.4,3.6,9.6,4.9,3.97,4.058,4.147,4.24,4.334,4.43,-0.976,-0.831,-0.576,-0.782,-1.424,-0.935,59.2,57.7,56.5,54.5,50.5,48.2,Developing,Africa
112,Mauritius,4,2.9,-14.5,3.4,8.9,7,11642.891,11407.849,9010.929,9086.524,10250.571,11543.601,6.9,6.7,9.2,9.1,6.8,6.3,3.2,0.5,2.5,4,10.8,7,1.266,1.265,1.266,1.264,1.261,1.261,-0.555,-0.718,-1.003,-1.497,-1.437,-0.483,63.1,81.1,91.9,85.9,81.2,78.6,Developing,Africa
113,Mexico,2,-0.4,-8.4,6,3.7,3.2,9970.967,10259.746,8742.217,10180.182,11259.75,13641.033,3.3,3.5,4.4,4.1,3.3,2.8,4.9,3.6,3.4,5.7,7.9,5.5,125.996,127.216,128.209,128.983,129.961,131.135,-25.932,-3.871,26.905,-4.494,-17.599,-5.477,52.2,51.9,58.5,56.9,54.2,53.1,Developing,North America
114,Micronesia,0.1,3.8,-1.9,3,-0.9,0.8,3933.37,4001.004,3829.739,4063.49,4540.027,4864.704,NA,NA,NA,NA,NA,NA,1,2.2,1,1.8,5,6.2,0.1,9.80E-02,9.70E-02,9.60E-02,9.50E-02,9.50E-02,8.50E-02,6.30E-02,-2.20E-02,9.00E-03,3.70E-02,1.50E-02,20.1,19.8,21.5,17,14.6,12.4,Developing,Oceania
115,Moldova,4.1,3.6,-8.3,13.9,-5,0.7,4121.047,4376.654,4377.542,5293.206,5726.139,6641.582,3.1,5.1,3.8,3.3,4.6,4.5,3.6,4.8,3.8,5.1,28.6,13.4,2.73,2.682,2.634,2.587,2.541,2.496,-1.212,-1.106,-0.887,-1.699,-2.295,-1.974,31.8,28.8,36.6,33.6,34.9,35.3,Developing,Europe
116,Mongolia,7.7,5.6,-4.6,1.6,5,7.4,4078.182,4309.049,3965.097,4482.853,4959.141,5796.476,7.8,10,7,8.1,6.7,5.4,6.8,7.3,3.7,7.4,15.2,10.3,3.238,3.297,3.358,3.41,3.458,3.505,-2.207,-2.162,-0.675,-2.108,-2.303,0.121,76.5,66.8,83.4,67.7,64.5,46.8,Developing,Asia
117,Montenegro,5.1,4.1,-15.3,13,6.4,6,NA,NA,NA,NA,NA,11696.262,NA,NA,NA,NA,NA,NA,2.6,0.4,-0.2,2.4,13,8.6,NA,NA,NA,NA,NA,0.633,-0.937,-0.791,-1.244,-0.54,-0.807,-0.856,71.9,78.8,107.3,85.6,70.6,61.5,Developed,Europe
118,Morocco,3.1,2.9,-7.2,8.2,1.5,3.4,3615.592,3622.679,3375.438,3911.053,3571.091,3901.397,9.5,9.2,11.9,12.3,11.8,13,1.6,0.2,0.7,1.4,6.6,6.1,35.22,35.587,35.952,36.313,36.67,37.022,-6.219,-4.411,-1.415,-3.33,-4.658,-0.893,60.5,60.3,72.2,69.4,71.5,69.5,Developing,Africa
119,Mozambique,3.5,2.3,-1.2,2.4,4.4,5.4,510.38,512.216,456.582,504.038,572.757,618.283,NA,NA,NA,NA,NA,NA,3.2,5.7,0.9,6.6,10.4,7,29.424,30.286,31.178,32.077,32.97,33.897,-4.425,-2.503,-3.775,-3.436,-6.88,-2.224,105.5,98.3,120,104.3,100.3,93.9,Developing,Africa
120,Myanmar,6.4,6.8,-1.2,-10.5,-4,2.5,1271.677,1302.277,1462.464,1270.854,1146.239,1190.012,NA,NA,NA,NA,NA,NA,5.9,8.6,5.7,3.6,18.4,27.1,52.449,52.832,53.199,53.55,53.886,54.205,-3.139,-1.945,-2.745,-0.201,-2.843,-2.361,40.4,38.8,40.6,61.3,62.4,59.7,Developing,Asia
121,Namibia,1.1,-0.8,-8.1,3.6,5.3,4.2,5381.47,4798.261,3937.667,4476.585,4405.788,4216.111,NA,NA,NA,NA,NA,NA,4.3,3.7,2.2,3.6,6.1,5.9,2.541,2.613,2.688,2.77,2.851,2.928,-0.486,-0.221,0.316,-1.407,-1.632,-1.832,48.7,57.6,64.3,69.6,70,66.1,Developing,Africa
122,Nauru,-1.2,8.5,2,7.2,3,0.6,10582.207,10567.406,10346.097,14303.427,12521.601,12078.308,NA,NA,NA,NA,NA,NA,1.1,4.1,0.9,2,1.1,4.8,1.20E-02,1.20E-02,1.20E-02,1.20E-02,1.30E-02,1.30E-02,0.01,6.00E-03,3.00E-03,7.00E-03,3.00E-03,2.00E-03,71.1,59.6,56.3,20.5,21.7,20.1,Developing,Oceania
123,Nepal,7.6,6.7,-2.4,4.8,5.6,2,1161.534,1185.682,1139.192,1229.474,1348.157,1316.147,NA,NA,NA,NA,NA,NA,4.1,4.6,6.1,3.6,6.3,7.8,28.507,28.832,29.349,30.035,30.548,31.081,-2.35,-2.369,-0.339,-2.844,-5.174,-0.557,31.1,34,43.3,43.3,42.7,47.1,Developing,Asia
124,Netherlands,2.3,2.3,-3.9,6.3,5,0.1,54138.331,53755.165,53529.218,60380.434,59540.881,64829.341,4.9,4.4,4.9,4.2,3.5,3.6,1.6,2.7,1.1,2.8,11.6,4.1,17.181,17.282,17.408,17.475,17.591,17.811,83.668,63.55,52.034,105.703,69.28,113.786,51.6,47.6,53.3,50.4,48.4,45,Developed,Europe
125,New Zealand,3.5,3.1,-1.4,5.6,2.4,0.6,42757.406,42273.966,41343.891,48856.669,47327.941,47423.081,4.3,4.1,4.6,3.8,3.3,3.7,1.6,1.6,1.7,3.9,7.2,5.7,4.902,4.986,5.086,5.111,5.125,5.244,-8.802,-5.893,-2.057,-14.54,-21.27,-17.168,28.1,31.8,43.3,47.5,47.1,45.8,Developed,Oceania
126,Nicaragua,-3.4,-2.9,-1.8,10.3,3.8,4.6,2008.404,1940.115,1952.183,2163.083,2371.681,2672.628,5.5,5.3,6.6,11.1,7.5,7.2,4.9,5.4,3.7,4.9,10.5,8.4,6.485,6.553,6.496,6.539,6.607,6.676,-0.234,0.754,0.47,-0.543,-0.379,1.381,37.9,41.8,47.8,47.1,44.6,41.7,Developing,North America
127,Niger,7,6.1,3.5,1.4,11.9,2.4,570.983,554.124,568.606,593.802,592.621,621.04,NA,NA,NA,NA,NA,NA,2.8,-2.5,2.9,3.8,4.2,3.7,22.443,23.311,24.207,25.131,26.084,27.066,-1.625,-1.572,-1.816,-2.099,-2.5,-2.421,37,39.8,45,51.3,50.6,56.6,Developing,Africa
128,Nigeria,1.9,2.2,-1.8,3.6,3.3,2.9,2153.094,2361.108,2099.135,2089.072,2198.266,1637.468,22.6,NA,NA,NA,NA,NA,12.1,11.4,13.2,17,18.8,24.7,195.875,200.964,206.14,211.401,216.747,222.182,7.283,-13.685,-15.986,-3.254,1.019,6.023,27.7,29.2,34.5,35.7,39.7,46.4,Developing,Africa
129,North Macedonia,2.9,3.9,-4.7,4.5,2.2,1,6719.639,6720.332,6672.521,7625.26,7498.577,8063.108,20.6,17.2,16.2,15.4,14.4,13.1,1.5,0.8,1.2,3.2,14.2,9.4,1.889,1.876,1.856,1.837,1.832,1.832,2.60E-02,-0.375,-0.363,-0.389,-0.84,0.103,40.4,40.4,50.8,52.7,51.6,54.5,Developing,Europe
130,Norway,0.8,1.1,-1.3,3.9,3,0.5,82605.919,76303.683,68275.277,92955.206,108438.547,87702.851,3.9,3.7,4.6,4.4,3.3,3.6,2.8,2.2,1.3,3.5,5.8,5.5,5.324,5.357,5.385,5.415,5.475,5.534,39.38,15.499,4.053,74.928,179.096,86.827,39.4,40.6,46.1,41.6,36.3,44,Developed,Europe
131,Oman,1.3,-1.1,-3.4,2.6,9.6,1.3,19885.271,19069.329,17076.319,19458.452,22688.95,21062.91,NA,NA,NA,NA,NA,NA,0.7,0.5,-0.4,1.7,2.5,0.9,4.602,4.618,4.445,4.488,4.934,5.166,-4.459,-4.331,-12.562,-4.836,4.362,2.638,44.7,52.5,67.9,61.9,40.9,36.5,Developing,Asia
132,Pakistan,6.1,3.1,-0.9,5.8,6.2,-0.2,1698.034,1500.683,1376.512,1565.575,1651.323,1458.013,5.8,6.9,6.6,6.3,6.2,8.5,4.7,6.8,10.7,8.9,12.2,29.2,209.75,213.95,218.24,222.59,227,231.45,-19.195,-13.434,-4.449,-2.82,-17.481,-3.275,64.8,77.5,79.6,73.5,76.2,77.3,Developing,Asia
133,Palau,0.3,1.5,-6,-11.6,-1.7,0.9,16341.359,15992.463,14697.164,13384.405,14517.463,16014.467,NA,NA,NA,NA,NA,NA,2.4,0.4,0.7,-0.5,13.2,12.4,1.80E-02,1.80E-02,1.80E-02,1.80E-02,1.80E-02,1.80E-02,-5.40E-02,-8.60E-02,-0.114,-9.50E-02,-0.117,-0.146,29.5,30.5,52.1,69.7,65.9,80.9,Developing,Oceania
134,Panama,3.7,3.3,-17.7,15.8,10.8,7.3,16181.217,16526.419,13342.722,15540.795,17409.626,18725.739,6,7.1,18.5,11.3,8.8,7.4,0.8,-0.4,-1.6,1.6,2.9,1.5,4.159,4.219,4.279,4.337,4.395,4.453,-5.307,-3.524,0.385,-0.779,-0.475,-3.739,36,40.3,62,55.6,53.7,52.4,Developing,North America
135,Papua New Guinea,-0.3,4.5,-3.2,-0.8,5.2,2.9,2366.847,2314.745,2124.796,2216.458,2627.783,2518.04,NA,NA,NA,NA,NA,NA,4.4,3.9,4.9,4.5,5.3,2.3,10.186,10.693,11.224,11.782,12.029,12.282,3.285,3.558,3.424,3.284,4.567,4.179,36.7,40.6,48.7,52.6,48.3,52,Developing,Oceania
136,Paraguay,3.2,-0.4,-0.8,4,0.2,4.7,5703.324,5302.239,4885.396,5433.251,5628.472,5685.818,6.2,6.6,7.7,7.5,6.8,6.2,4,2.8,1.8,4.8,9.8,4.6,7.053,7.153,7.253,7.353,7.454,7.555,-8.70E-02,-0.216,0.669,-0.347,-2.993,0.11,22.3,25.8,36.9,37.5,40.5,41.2,Developing,South America
137,Peru,4,2.2,-10.9,13.4,2.7,-0.6,7210.677,7251.682,6328.104,6852.501,7314.211,7912.956,6.7,6.6,13,10.7,7.8,6.8,1.3,2.1,1.8,4,7.9,6.3,31.562,32.131,32.626,33.035,33.397,33.731,-2.609,-1.423,1.89,-4.674,-9.743,2.219,25.9,26.9,34.9,36.1,34,33,Developing,South America
138,Philippines,6.3,6.1,-9.5,5.7,7.6,5.5,3279.519,3512.195,3312.739,3580.009,3644.792,3906.229,5.3,5.1,10.4,7.8,5.4,4.4,5.3,2.4,2.4,3.9,5.8,6,105.76,107.29,109.2,110.08,110.94,111.91,-8.877,-3.047,11.578,-5.943,-18.261,-11.206,37.1,37,51.6,57,57.4,56.5,Developing,Asia
139,Poland,5.9,4.4,-2,6.9,5.6,0.2,15504.366,15694.594,15792.61,18380.545,18701.354,22085.808,3.8,3.3,3.2,3.4,2.9,2.8,1.8,2.2,3.4,5.1,14.4,11.4,37.977,37.973,37.958,37.073,36.89,36.754,-11.338,-1.464,14.882,-8.481,-16.817,12.565,48.7,45.7,57.2,53.6,49.2,49.6,Developed,Europe
140,Portugal,2.8,2.7,-8.3,5.7,6.8,2.3,23573.253,23333.408,22224.61,24838.758,24798.548,27834.773,7.2,6.7,7.1,6.7,6.2,6.6,1.2,0.3,-0.1,0.9,8.1,5.3,10.284,10.286,10.297,10.295,10.299,10.318,1.344,1.044,-2.377,-1.936,-2.932,3.945,121.5,116.6,134.9,124.5,112.4,99.1,Developed,Europe
141,Puerto Rico,-4.4,1.7,-4.2,0.4,3.6,0.6,31549.375,32851.875,32643.179,33258.313,35489.75,36779.059,9.2,8.3,8.8,8,6,5.9,1.3,0.1,-0.5,2.4,6,3.5,3.2,3.2,3.159,3.2,3.2,3.206,NA,NA,NA,NA,NA,NA,52.5,48.8,50.2,48.9,16.7,16.7,Developing,North America
142,Qatar,1.2,0.7,-3.6,1.6,4.2,1.2,66421.617,63007.696,50962.499,65400.854,80385.391,69540.54,NA,NA,NA,NA,NA,NA,0.1,-0.9,-2.5,2.3,5,3.1,2.76,2.799,2.834,2.748,2.932,3.063,16.652,4.26,-2.986,26.319,63.118,36.47,52.2,62.1,72.6,58.4,42.6,43.3,Developing,Asia
143,Romania,6,3.9,-3.7,5.7,4.1,2.1,12465.699,12928.148,13021.962,14895.318,15726.433,18424.685,5.3,4.9,6.1,5.6,5.6,5.6,4.6,3.8,2.6,5,13.8,10.4,19.533,19.414,19.329,19.202,19.042,19.055,-11.218,-12.211,-12.44,-20.681,-27.444,-24.485,36.2,36.6,49.4,51.7,51.3,52.1,Developed,Europe
144,Russian Federation,2.8,2.2,-2.7,5.9,-1.2,3.6,11182.629,11465.343,10074.726,12519.735,15471.593,13738.704,4.8,4.6,5.8,4.8,4,3.2,2.9,4.5,3.4,6.7,13.7,5.9,147.819,147.9,147.708,147.218,146.714,146.299,115.68,65.65,35.373,124.953,237.735,50.133,13.6,13.7,19.2,16.4,18.5,19.5,Developed,Europe
145,Rwanda,8.5,9.4,-3.4,10.9,8.2,8.2,797.2,836.286,803.456,854.139,1005.011,1044.352,NA,NA,NA,NA,NA,NA,1.4,2.4,7.7,0.8,13.9,14,12.09,12.374,12.663,12.956,13.246,13.499,-0.975,-1.231,-1.228,-1.203,-1.246,-1.654,44.9,49.9,65.6,66.6,60.6,64.5,Developing,Africa
146,Saint Kitts and Nevis,2.1,4.1,-14.6,-1.7,10.5,2.3,22533.727,23205.126,18553.579,18035.552,20593.177,22106.297,NA,NA,NA,NA,NA,NA,-1,-0.3,-1.2,1.2,2.7,3.6,4.80E-02,4.80E-02,4.80E-02,4.80E-02,4.80E-02,4.80E-02,-6.30E-02,-5.30E-02,-9.60E-02,-4.40E-02,-0.106,-0.143,53.9,54.3,68,69.1,60.2,55.9,Developing,North America
147,Saint Lucia,2.9,-0.7,-24.4,11.6,20.4,2.2,11585.786,11733.226,8364.868,10393.385,12958.677,13358.349,NA,NA,NA,NA,NA,NA,2.6,0.5,-1.8,2.4,6.4,4.1,0.178,0.179,0.179,0.18,0.181,0.182,2.90E-02,0.116,-0.284,-0.221,-6.70E-02,-4.50E-02,60.3,62.1,95,81.9,73.4,74.5,Developing,North America
148,Saint Vincent and the Grenadines,3.2,0.7,-4.3,2.1,3.1,5.8,8001.555,8231.638,7810.304,8021.73,8921.9,9757.972,NA,NA,NA,NA,NA,NA,2.3,0.9,-0.6,1.6,5.7,4.6,0.111,0.111,0.111,0.111,0.111,0.111,-9.10E-02,-2.20E-02,-0.137,-0.197,-0.187,-0.19,69.4,68.1,79.9,88.3,84.7,87.1,Developing,North America
149,Samoa,-0.6,4.5,-3.1,-7.1,-5.3,8,4390.958,4472.223,4308.015,4150.674,4064.061,4478.194,NA,NA,NA,NA,NA,NA,3.7,2.2,1.5,-3,8.7,12,0.2,0.204,0.202,0.203,0.205,0.209,7.00E-03,2.60E-02,5.00E-03,-0.122,-9.40E-02,-3.10E-02,49.4,44.3,43.2,46.3,43.7,33.4,Developing,Oceania
150,San Marino,1.5,2,-6.8,14.2,7.9,0.4,49477.281,48043.86,45640.984,54733.239,53875.751,58249.292,8,7.7,7.3,5.2,4.6,3.9,1.2,0.5,-0.1,2.1,5.3,5.9,3.30E-02,3.40E-02,3.40E-02,3.40E-02,3.40E-02,3.40E-02,-3.10E-02,3.30E-02,4.30E-02,0.1,0.284,0.277,57.2,57.4,71.6,81.3,74.5,72.3,Developed,Europe
151,Saudi Arabia,3.2,1.1,-3.6,5.1,7.5,-0.8,28036.026,27892.842,23271.404,28396.104,34454.196,32529.678,6,5.6,7.7,6.1,4.9,3.8,2.5,-2.1,3.4,3.1,2.5,2.3,30.196,30.064,31.553,30.784,32.175,32.819,72.956,38.451,-25.547,41.718,151.519,34.07,17.6,21.6,31,28.6,23.9,26.2,Developing,Asia
152,Senegal,6.2,4.6,1.3,6.5,4,4.6,1458.73,1436.224,1465.244,1603.346,1569.546,1703.392,NA,NA,NA,NA,NA,NA,0.5,1,2.5,2.2,9.7,5.9,15.854,16.296,16.744,17.204,17.676,18.162,-2.037,-1.853,-2.666,-3.329,-5.554,-5.818,61.5,63.6,69.2,73.3,76,81.2,Developing,Africa
153,Serbia,4.5,4.3,-0.9,7.7,2.5,2.5,7252.404,7417.206,7733.803,9186.968,9537.684,11352.113,13.7,11.2,9.7,11.1,9.5,9.4,2,1.8,1.6,4.1,12,12.4,6.983,6.945,6.899,6.834,6.664,6.623,-2.451,-3.54,-2.198,-2.703,-4.354,-1.957,53.3,51.7,56.9,56.2,53.5,48.9,Developed,Europe
154,Seychelles,4.9,5.5,-11.7,0.6,15,3.2,18602.985,19366.719,14235.574,15195.623,20804.533,21455.112,3,3,3,3,3,3,3.7,1.8,1.2,9.8,2.6,-1,9.50E-02,9.60E-02,9.70E-02,9.80E-02,9.90E-02,0.1,-4.20E-02,-5.20E-02,-0.17,-0.13,-0.152,-0.155,51.3,48.9,77.4,71.2,58.9,56.5,Developing,Africa
155,Sierra Leone,3.4,5.5,-1.3,5.9,5.3,5.7,835.315,834.368,837.636,859.108,856.815,754.283,NA,NA,NA,NA,NA,NA,16,14.8,13.4,11.9,27.2,47.7,7.65,7.813,7.977,8.141,8.309,8.48,-0.698,-0.792,-0.32,-0.395,-0.157,-0.381,44.2,45.3,46.4,47.1,54,49.2,Developing,Africa
156,Singapore,3.5,1.3,-3.9,9.7,3.8,1.1,66840.654,66081.704,61466.819,79601.393,88428.724,84734.277,2.1,2.3,3,2.7,2.1,1.9,0.4,0.6,-0.2,2.3,6.1,4.8,5.639,5.704,5.686,5.454,5.637,5.918,60.21,60.459,57.957,86.137,89.701,99.128,109.4,127.8,148.1,142.9,158.2,174.8,Developing,Asia
157,Slovak Republic,4,2.5,-3.3,4.8,1.9,1.6,19508.308,19397.274,19541.007,21730.181,21284.578,24468.025,6.5,5.7,6.6,6.8,6.2,5.8,2.5,2.8,2,2.8,12.1,11,5.443,5.45,5.458,5.46,5.435,5.429,-2.331,-3.541,0.588,-2.918,-9.419,-2.101,49.4,48,58.8,61.1,57.7,56,Developed,Europe
158,Slovenia,4.4,3.5,-4.1,8.4,2.7,2.1,25987.659,25909.807,25451.13,29194.311,28462.153,32673.257,5.1,4.5,5,4.7,4,3.7,1.7,1.6,-0.1,1.9,8.8,7.4,2.067,2.081,2.096,2.109,2.107,2.117,3.497,3.477,4.093,2.309,-0.671,3.092,71,66,80.2,74.8,72.7,68.4,Developed,Europe
159,Solomon Islands,2.7,1.7,-3.4,2.6,2.4,3.1,2325.003,2278.163,2118.582,2059.05,2077.115,2124.809,NA,NA,NA,NA,NA,NA,3.6,2.2,2.9,0.2,5.4,5.1,0.695,0.711,0.725,0.74,0.754,0.769,-4.80E-02,-0.154,-2.50E-02,-7.70E-02,-0.215,-0.176,7.9,7.8,11.5,16.1,16,20.9,Developing,Oceania
160,Somalia,1.4,2.8,-2.8,3.5,2.7,4.2,563.115,602.186,583.956,624.408,653.449,683.343,NA,NA,NA,NA,NA,NA,4.3,4.7,4.1,4.6,6.8,6.2,13.981,14.373,14.775,15.189,15.614,16.051,2.00E-03,-0.837,-0.404,-0.669,-0.837,-1.21,NA,NA,NA,NA,NA,NA,Developing,Africa
161,South Africa,1.6,0.3,-6.2,5,1.9,0.7,6956.41,6582.757,5630.983,6938.723,6629.419,6111.746,27.1,28.7,29.2,34.3,33.5,33.1,4.6,4.1,3.3,4.6,6.9,5.9,58.233,59.131,60.003,60.642,61.356,62.272,-11.865,-10.137,6.653,15.533,-2.035,-6.074,51.5,56.1,68.9,68.7,70.8,73.4,Developing,Africa
162,South Sudan,-2.1,0.9,-6.5,5.3,-5.2,2.5,240.32,302.262,393.589,418.969,550.861,478.118,NA,NA,NA,NA,NA,NA,83.4,49.3,24,30.2,-3.2,40.2,12.976,13.378,13.779,14.179,14.59,15.013,0.342,8.40E-02,-1.023,-0.557,0.743,0.206,69.2,42.8,49.3,52.2,39.9,54.8,Developing,Africa
163,Spain,2.4,2,-10.9,6.7,6.2,2.7,30651.153,29798.124,27214.292,30893.22,30402.921,33895.593,15.3,14.1,15.5,14.9,13,12.2,1.7,0.8,-0.3,3,8.3,3.4,46.729,47.105,47.356,47.331,47.615,47.81,26.888,29.88,10.167,11.303,5.072,43.022,99.7,97.6,119.2,115.6,109.4,105,Developed,Europe
164,Sri Lanka,2.3,-0.2,-4.6,4.2,-7.3,NA,4360.149,4082.694,3846.175,3999.337,3330.376,NA,4.4,4.8,5.5,5.1,5.3,NA,4.3,4.3,4.6,6,45.2,NA,21.67,21.803,21.919,22.156,22.396,NA,-2.798,-1.844,-1.186,-3.285,-0.744,NA,83.6,82.6,96.9,102.7,115.9,NA,Developing,Asia
165,Sudan,-2.3,-2.5,-3.6,0.5,-2.5,-18.3,800.064,728.42,794.696,772.509,718.049,795.679,19.5,22.1,26.8,28.3,32.1,46,63.3,51,163.3,359.1,138.8,77.2,41.985,43.222,44.345,45.498,46.681,47.895,-4.679,-4.78,-5.841,-2.62,-3.794,-1.389,209.8,216.5,278.3,189.6,186.8,252.2,Developing,Africa
166,Suriname,4.9,1.2,-16,-2.4,2.4,2.1,6772.07,6715.747,4782.092,4987.986,5784.332,5879.596,9,8.8,11.1,11.2,10.9,10.6,6.9,4.4,34.9,59.1,52.4,51.6,0.59,0.598,0.609,0.618,0.628,0.637,-0.119,-0.448,0.26,0.176,7.60E-02,0.147,68.6,84,146.4,115.8,116.9,90.3,Developing,South America
167,Sweden,1.9,2.5,-2,5.9,1.5,-0.2,53890.765,51528.899,52522.605,60961.254,55115.015,55433.135,6.4,6.9,8.5,8.9,7.5,7.7,2,1.7,0.7,2.7,8.1,5.9,10.23,10.328,10.379,10.452,10.522,10.552,12.263,28.335,31.649,44.027,28.712,37.756,39.5,35.7,40.3,36.8,33.8,36.4,Developed,Europe
168,Switzerland,2.9,1.2,-2.3,5.6,3.1,0.7,85561.001,84481.041,86138.871,93966.493,94798.83,101510.023,2.5,2.3,3.2,3,2.2,2,0.9,0.4,-0.7,0.6,2.8,2.1,8.484,8.545,8.606,8.67,8.739,8.815,40.636,29.701,3.647,55.985,78.16,61.771,39.8,39.6,43.2,41,37.2,33.3,Developed,Europe
169,Syria,NA,NA,NA,NA,NA,NA,NA,NA,NA,NA,NA,NA,NA,NA,NA,NA,NA,NA,NA,NA,NA,NA,NA,NA,NA,NA,NA,NA,NA,NA,NA,NA,NA,NA,NA,NA,NA,NA,NA,NA,NA,NA,Developing,Asia
171,Taiwan Province of China,2.8,3.1,3.4,6.6,2.6,1.3,25825.566,25903.168,28571.44,33070.701,32609.595,32404.32,3.7,3.7,3.9,4,3.7,3.7,1.4,0.6,-0.2,2,2.9,2.5,23.589,23.603,23.561,23.375,23.334,23.32,70.883,65.71,97.56,118.298,101.032,104.086,33.9,32.7,32.1,30.2,29.7,29.1,Developed,Asia
172,Tajikistan,7.6,7.4,4.4,9.4,8,8.3,852.341,893.318,858.445,925.135,1066.747,1183.908,NA,NA,NA,NA,NA,NA,3.8,7.8,8.6,9,6.6,3.7,9.107,9.292,9.475,9.657,9.836,10.013,-0.38,-0.185,0.354,0.736,1.635,0.584,46.6,43.5,51.8,42.1,32.5,30.9,Developing,Asia
173,Tanzania,7,6.9,4.5,4.8,4.7,5.1,1001.744,1043.939,1092.613,1137.865,1205.866,1249.348,NA,NA,NA,NA,NA,NA,3.5,3.4,3.3,3.7,4.4,3.8,54.68,56.322,58.001,59.73,61.51,63.343,-1.936,-1.77,-1.566,-2.639,-4.211,-4.187,42,40.4,41.3,43.4,44.9,46.9,Developing,Africa
174,Thailand,4.2,2.1,-6.1,1.6,2.5,1.9,7296.037,7811.477,7170.503,7237.504,7072.418,7335.637,1.1,1,1.7,1.9,1.3,1,1.1,0.7,-0.8,1.2,6.1,1.2,69.428,69.626,69.8,69.951,70.078,70.183,28.479,38.256,20.933,-10.723,-17.162,7.412,41.9,41.1,49.4,58.3,60.5,62.4,Developing,Asia
175,Timor-Leste,-0.7,2.1,-7.2,1.6,4,2.3,1264.501,1611.123,1676.769,2764.355,2406.607,1760.628,NA,NA,NA,NA,NA,NA,2.3,0.9,0.5,3.8,7,8.4,1.253,1.271,1.29,1.31,1.332,1.351,-0.191,0.536,0.459,1.525,0.474,-1.70E-02,9.1,9.4,10.1,6.5,7.9,10.9,Developing,Asia
176,Togo,4.8,4.9,2,6,5.8,5.6,873.964,848.341,876.511,964.325,919.575,1001.112,NA,NA,NA,NA,NA,NA,0.9,0.7,1.8,4.5,7.6,5.3,8.047,8.243,8.443,8.647,8.856,9.07,-0.185,-5.50E-02,-2.10E-02,-0.187,-0.284,-0.262,58,54.9,62.2,64.9,67.4,68,Developing,Africa
177,Tonga,0.9,-0.2,1.3,-1.3,0,2,4330.348,4434.799,4438.581,4576.702,4756.066,5218.576,NA,NA,NA,NA,NA,NA,6.8,3.3,0.4,1.4,8.5,10.2,0.1,0.1,0.1,0.1,0.1,0.1,-3.20E-02,-1.70E-02,-2.90E-02,-3.10E-02,-3.20E-02,-3.50E-02,50.7,47.5,48,48.8,47.5,43.3,Developing,Oceania
178,Trinidad and Tobago,-0.6,0.4,-9.1,-1,1.5,1.1,17677.747,17043.863,14868.061,17412.427,21252.661,19718.195,NA,NA,NA,NA,NA,NA,1,1,0.6,2.1,5.8,4.6,1.39,1.395,1.399,1.407,1.414,1.421,1.626,1.02,-1.356,2.629,5.244,3.397,40.5,45.3,60.6,60,50.7,56.1,Developing,North America
179,Tunisia,2.6,1.6,-9,4.7,2.7,0,3661.194,3556.377,3569.972,3895.114,3676.784,3967.481,15.5,14.9,17.4,16.2,15.2,16.4,7.3,6.7,5.6,5.7,8.3,9.3,11.659,11.783,11.903,12.019,12.129,12.235,-4.61,-3.388,-2.536,-2.795,-4.012,-1.306,72.9,67.3,77.7,79.7,82.9,82.4,Developing,Africa
180,Turkmenistan,1.7,-3.7,-2.1,-0.3,5.3,2,8128.406,8611.769,8381.012,9608.222,12123.362,11926.706,NA,NA,NA,NA,NA,NA,13.3,5.1,6.1,19.5,11.2,-1.6,6.065,6.158,6.25,6.342,6.431,6.516,3.022,1.545,1.538,4.019,5.479,3.664,18.7,15.3,13.3,10.7,5.8,4.7,Developing,Asia
181,Tuvalu,1.4,13.9,-3.3,0.2,0.4,3.9,4547.987,5276.537,5162.322,6080.313,6009.779,6694.759,NA,NA,NA,NA,NA,NA,2.2,3.5,1.9,6.2,11.5,7.5,1.10E-02,0.01,0.01,0.01,1.10E-02,0.01,2.90E-02,-1.20E-02,8.00E-03,1.50E-02,3.00E-03,7.00E-03,11.9,11.5,12.1,11.1,9.4,7.5,Developing,Oceania
182,Turkey,3,0.8,1.9,11.4,5.5,5.1,9727.66,9144.221,8576.486,9540.539,10621.485,13235.882,10.9,13.7,13.1,12,10.4,9.4,16.3,15.2,12.3,19.6,72.3,53.9,82.004,83.155,83.614,84.68,85.28,85.372,-14.604,15.013,-31.085,-6.433,-45.799,-45.009,29.9,32.4,39.4,40.4,30.8,29.3,Developing,Asia
183,Uganda,5.6,7.6,-1.1,5.5,6.3,4.6,879.044,951.537,919.329,1007.258,1079.393,1123.325,NA,NA,NA,NA,NA,NA,2.5,2.1,2.8,2.2,7.2,5.4,38.823,39.823,41.222,42.46,43.95,45.484,-2.085,-2.632,-3.598,-3.605,-4.065,-3.766,34.9,37.5,46.3,50.4,50,51,Developing,Africa
184,Ukraine,3.5,3.2,-3.8,3.4,-28.8,5.3,3119.301,3693.498,3780.393,4875.094,4661.561,5241.316,9,8.5,9.2,9.8,24.5,19.1,10.9,7.9,2.7,9.4,20.2,12.9,41.984,41.733,41.419,40.998,34.511,34.026,-4.284,-4.208,5.172,-3.882,7.972,-9.655,60.4,50.6,60.6,48.9,77.7,82.3,Developed,Europe
185,United Arab Emirates,1.3,1.1,-5,4.4,7.5,3.6,45591.68,43981.612,37648.953,43438.527,48897.383,48140.644,NA,NA,NA,NA,NA,NA,3.1,-1.9,-2.1,-0.1,4.8,1.6,9.367,9.504,9.282,9.558,10.281,10.68,41.242,37.321,21.103,47.951,66.475,54.831,21.3,26.8,41.3,36.3,32.1,32.4,Developing,Asia
186,United Kingdom,1.4,1.6,-10.3,8.6,4.8,0.3,43275.096,42712.614,40230.545,46731.477,46103.227,49647.559,4.2,3.9,4.7,4.6,3.9,4,2.5,1.8,0.9,2.6,9.1,7.3,66.436,66.797,67.081,67.28,67.791,68.122,-112.902,-76.688,-79.182,-13.738,-65.683,-66.322,86.3,85.7,105.8,105.1,99.6,100,Developed,Europe
187,United States,3,2.6,-2.2,6.1,2.5,2.9,63165.278,65561.32,64461.618,71257.958,77979.858,82715.1,3.9,3.7,8.1,5.4,3.6,3.6,2.4,1.8,1.2,4.7,8,4.1,327.023,328.547,331.269,332.33,333.508,335.135,-439.849,-441.752,-601.201,-867.98,-1012.098,-905.376,106.8,108,131.8,124.5,118.6,118.7,Developed,North America
188,Uruguay,0.2,0.9,-7.4,5.6,4.7,0.4,18645.281,17686.109,15198.839,17149.709,19737.342,21656.979,8.4,8.9,10.4,9.4,7.9,8.3,7.6,7.9,9.8,7.7,9.1,5.9,3.506,3.519,3.531,3.543,3.555,3.567,-0.301,0.767,-0.393,-1.5,-2.75,-2.912,57.9,59.6,68.1,64.1,60.3,64.5,Developing,South America
189,Uzbekistan,5.6,6.8,1.6,8,6,6.3,1797.362,2023.534,1959.678,2237.92,2555.187,2819.823,9.3,9,10.5,9.6,8.9,6.8,17.5,14.5,12.9,10.8,11.4,10,32.657,33.256,33.905,34.559,35.271,36.025,-3.593,-3.371,-3.028,-4.898,-2.847,-7.8,17.5,25.4,33.7,31.7,30.5,32.5,Developing,Asia
190,Vanuatu,2.9,3.2,-5,-1.6,1.9,2.2,3256.353,3187.38,3341.002,2951.692,3219.361,3364.838,NA,NA,NA,NA,NA,NA,2.4,2.7,5.3,2.3,6.7,11.2,0.285,0.292,0.302,0.312,0.323,0.334,4.50E-02,9.40E-02,-5.20E-02,-5.50E-02,-0.128,-2.40E-02,45.3,45.1,48,48.5,44.4,41.9,Developing,Oceania
191,Venezuela,-19.7,-27.7,-30,1,8,4,3529.72,2624.41,1566.602,2090.398,3421.754,3737.81,35.6,NA,NA,NA,NA,NA,65374.1,19906,2355.1,1588.5,186.5,337.5,28.903,27.817,27.951,27.586,26.917,26.54,8.613,4.296,-1.529,-0.684,3.308,3.067,175.3,206,329.1,249.7,160.7,146.3,Developing,South America
192,Vietnam,7.5,7.4,2.9,2.6,8.1,5,3216.254,3439.102,3548.892,3756.885,4101.73,4324.049,2.2,2.2,2.5,3.2,2.3,2,3.5,2.8,3.2,1.8,3.2,3.3,94.666,96.484,97.583,98.506,99.462,100.3,5.769,12.477,15.06,-8.15,1.404,25.09,43.8,41,41.3,39.2,34.7,34.4,Developing,Asia
193,West Bank and Gaza,1.2,1.4,-11.3,7,4.1,-5.4,3353.225,3442.754,3044.744,3464.383,3579.222,3180.667,NA,NA,NA,NA,NA,NA,-0.2,1.6,-0.7,1.2,3.7,5.9,4.854,4.977,5.101,5.227,5.355,5.477,-2.14,-1.779,-1.903,-1.778,-2.037,-2.895,33.1,34.5,47.1,50.2,47.1,49.7,Developing,Middle East
194,Yemen,0.8,2.1,-8.5,-1,1.5,-2,710.384,702.286,633.311,594.151,706.25,551.953,NA,NA,NA,NA,NA,NA,33.6,15.7,21.7,31.5,29.5,0.9,30.415,31.166,31.927,32.641,33.322,34.071,-0.687,-0.914,-3.162,-2.756,-4.168,-3.819,86.9,91.5,87,75.9,65.8,81.2,Developing,Asia
195,Zambia,4,1.4,-2.8,6.2,5.2,5.4,1475.2,1268.125,958.265,1134.713,1454.826,1369.129,NA,NA,NA,NA,NA,NA,7.5,9.2,15.7,22,11,10.9,17.836,18.38,18.928,19.473,20.018,20.57,-0.341,0.151,2.139,2.63,1.093,-0.546,75.2,94.4,140,111,99.5,127.3,Developing,Africa
196,Zimbabwe,5,-6.3,-7.8,8.5,6.1,5.3,2466.78,1705.022,1725.017,2264.653,2004.28,2119.318,NA,NA,NA,NA,NA,NA,10.6,255.3,557.2,98.5,193.4,667.4,14.968,15.268,15.582,15.904,16.229,16.624,-1.38,0.92,0.678,0.348,0.305,0.135,48.1,82.3,84.5,58.2,102.1,96.7,Developing,Africa